,id,budget,revenue,popularity,vote_count,video,poster_path,adult,backdrop_path,original_language,original_title,genre_ids,title,vote_average,overview,release_date
0,299534,356000000,2797800564,184.394,15360,False,/or06FN3Dka5tukK1e9sl16pB3iy.jpg,False,/orjiB3oUIsyz60hoEqkiGpy5CeO.jpg,en,Avengers: Endgame,"[28, 12, 878]",Avengers: Endgame,8.3,"After the devastating events of Avengers: Infinity War, the universe is in ruins due to the efforts of the Mad Titan, Thanos. With the help of remaining allies, the Avengers must assemble once more in order to undo Thanos' actions and restore order to the universe once and for all, no matter what consequences may be in store.",2019-04-24
1,420818,260000000,1656943394,159.523,6926,False,/dzBtMocZuJbjLOXvrl4zGYigDzh.jpg,False,/nRXO2SnOA75OsWhNhXstHB8ZmI3.jpg,en,The Lion King,"[12, 16, 10402, 10751]",The Lion King,7.2,"Simba idolizes his father, King Mufasa, and takes to heart his own royal destiny. But not everyone in the kingdom celebrates the new cub's arrival. Scar, Mufasa's brother—and former heir to the throne—has plans of his own. The battle for Pride Rock is ravaged with betrayal, tragedy and drama, ultimately resulting in Simba's exile. With help from a curious pair of newfound friends, Simba will have to figure out how to grow up and take back what is rightfully his.",2019-07-12
2,330457,150000000,1450026933,265.917,6268,False,/pjeMs3yqRmFL3giJy4PMXWZTTPa.jpg,False,/xJWPZIYOEFIjZpBL7SVBGnzRYXp.jpg,en,Frozen II,"[12, 16, 35, 14, 10751]",Frozen II,7.3,"Elsa, Anna, Kristoff and Olaf head far into the forest to learn the truth about an ancient mystery of their kingdom.",2019-11-20
3,429617,160000000,1131927996,190.641,8518,False,/4q2NNj4S5dG2RLF9CpXsej7yXl.jpg,False,/5myQbDzw3l8K9yofUXRJ4UTVgam.jpg,en,Spider-Man: Far from Home,"[28, 12, 878]",Spider-Man: Far from Home,7.6,"Peter Parker and his friends go on a summer trip to Europe. However, they will hardly be able to rest - Peter will have to agree to help Nick Fury uncover the mystery of creatures that cause natural disasters and destruction throughout the continent.",2019-06-28
4,299537,152000000,1128276090,105.704,10219,False,/AtsgWhDnHTq68L0lLsUrCnM7TjG.jpg,False,/w2PMyoyLU22YvrGK3smVM9fW1jj.jpg,en,Captain Marvel,"[28, 12, 878]",Captain Marvel,7.0,"The story follows Carol Danvers as she becomes one of the universe’s most powerful heroes when Earth is caught in the middle of a galactic war between two alien races. Set in the 1990s, Captain Marvel is an all-new adventure from a previously unseen period in the history of the Marvel Cinematic Universe.",2019-03-06
5,475557,55000000,1074251311,334.907,15213,False,/udDclJoHjfjb8Ekgsd4FDteOkCU.jpg,False,/n6bUvigpRFqSwmPp1m2YADdbRBc.jpg,en,Joker,"[80, 18, 53]",Joker,8.2,"During the 1980s, a failed stand-up comedian is driven insane and turns to a life of crime and chaos in Gotham City while becoming an infamous psychopathic crime figure.",2019-10-02
6,181812,250000000,1074144248,139.134,5782,False,/db32LaOibwEliAmSL2jjDF6oDdj.jpg,False,/SPkEiZGxq5aHWQ2Zw7AITwSEo2.jpg,en,Star Wars: The Rise of Skywalker,"[28, 12, 878]",Star Wars: The Rise of Skywalker,6.6,"The surviving Resistance faces the First Order once again as the journey of Rey, Finn and Poe Dameron continues. With the power and knowledge of generations behind them, the final battle begins.",2019-12-18
7,301528,175000000,1073394593,164.236,6147,False,/w9kR8qbmQ01HwnvK4alvnQ2ca0L.jpg,False,/q62bpQ67qaXY0u6b2wFEnQYIbPd.jpg,en,Toy Story 4,"[12, 16, 35, 14, 10751]",Toy Story 4,7.6,"Woody has always been confident about his place in the world and that his priority is taking care of his kid, whether that's Andy or Bonnie. But when Bonnie adds a reluctant new toy called ""Forky"" to her room, a road trip adventure alongside old and new friends will show Woody how big the world can be for a toy.",2019-06-19
8,420817,183000000,1047612394,132.871,7048,False,/ykUEbfpkf8d0w49pHh0AD2KrT52.jpg,False,/k40PQsaXYDXY2czuLXzCvL5BVpo.jpg,en,Aladdin,"[12, 14, 10749, 10751]",Aladdin,7.1,A kindhearted street urchin named Aladdin embarks on a magical adventure after finding a lamp that releases a wisecracking genie while a power-hungry Grand Vizier vies for the same lamp that has the power to make their deepest wishes come true.,2019-05-22
9,512200,125000000,796575993,189.847,4859,False,/jyw8VKYEiM1UDzPB7NsisUgBeJ8.jpg,False,/zTxHf9iIOCqRbxvl8W5QYKrsMLq.jpg,en,Jumanji: The Next Level,"[12, 35, 14]",Jumanji: The Next Level,7.0,"As the gang return to Jumanji to rescue one of their own, they discover that nothing is as they expect. The players will have to brave parts unknown and unexplored in order to escape the world’s most dangerous game.",2019-12-04
10,384018,200000000,760098996,222.194,4239,False,/qRyy2UmjC5ur9bDi3kpNNRCc5nc.jpg,False,/qAhedRxRYWZAgZ8O8pHIl6QHdD7.jpg,en,Fast & Furious Presents: Hobbs & Shaw,"[28, 12, 35]",Fast & Furious Presents: Hobbs & Shaw,6.9,"Ever since US Diplomatic Security Service Agent Hobbs and lawless outcast Shaw first faced off, they just have swapped smacks and bad words. But when cyber-genetically enhanced anarchist Brixton's ruthless actions threaten the future of humanity, both join forces to defeat him. (A spin-off of “The Fate of the Furious,” focusing on Johnson's Luke Hobbs and Statham's Deckard Shaw.)",2019-08-01
11,615453,0,686067000,24.856,153,False,/vhnxaQel1CwfcwLtCkTNpSdjte1.jpg,False,/eGK2JJO1ZeoabWThHmC9IjUTmfP.jpg,zh,哪吒之魔童降世,"[16, 35, 14]",Ne Zha,7.9,"The Primus extracts a Mixed Yuan Bead into a Spirit Seed and a Demon Pill. The Spirit Seed can be reincarnated as a human to help King Zhou establish a new dynasty, whereas the Demon Pill will create a devil threatening humanity. Ne Zha is the one who is destined to be the hero, but instead he becomes a devil incarnate, because the Spirit Seed and a Demon Pill are switched.",2019-07-26
12,166428,129000000,517526875,102.348,4004,False,/xvx4Yhf0DVH8G4LzNISpMfFBDy2.jpg,False,/lFwykSz3Ykj1Q3JXJURnGUTNf1o.jpg,en,How to Train Your Dragon: The Hidden World,"[12, 16, 10751]",How to Train Your Dragon: The Hidden World,7.8,"As Hiccup fulfills his dream of creating a peaceful dragon utopia, Toothless’ discovery of an untamed, elusive mate draws the Night Fury away. When danger mounts at home and Hiccup’s reign as village chief is tested, both dragon and rider must make impossible decisions to save their kind.",2019-01-03
13,747121,0,500000000,0.6,1,False,/m7sGOqpSDGxk23qxBPkZ4qcZ2v9.jpg,False,,en,Alha Sahma,[],Alha Sahma,10.0,"A bounty hunter has a mission, kill a jew, but things don't go according to plan.",2019-04-12
14,420809,185000000,491570967,175.668,3724,False,/vloNTScJ3w7jwNwtNGoG8DbTThv.jpg,False,/skvI4rYFrKXS73BJxWGH54Omlvv.jpg,en,Maleficent: Mistress of Evil,"[12, 14, 10751]",Maleficent: Mistress of Evil,7.3,"Maleficent and her goddaughter Aurora begin to question the complex family ties that bind them as they are pulled in different directions by impending nuptials, unexpected allies, and dark new forces at play.",2019-10-16
15,474350,79000000,473093228,431.81,4949,False,/zfE0R94v1E8cuKAerbskfD3VfUt.jpg,False,/8moTOzunF7p40oR5XhlDvJckOSW.jpg,en,It Chapter Two,"[14, 27, 53]",It Chapter Two,6.9,"27 years after overcoming the malevolent supernatural entity Pennywise, the former members of the Losers' Club, who have grown up and moved away from Derry, are brought back together by a devastating phone call.",2019-09-04
16,447404,150000000,433005346,140.92,4335,False,/wgQ7APnFpf1TuviKHXeEe3KnsTV.jpg,False,/nDP33LmQwNsnPv29GQazz59HjJI.jpg,en,Pokémon Detective Pikachu,"[28, 12, 14]",Pokémon Detective Pikachu,7.0,"In a world where people collect pocket-size monsters (Pokémon) to do battle, a boy comes across an intelligent monster who seeks to be a detective.",2019-05-03
17,399579,170000000,404852543,127.275,5799,False,/xRWht48C2V8XNfzvPehyClOvDni.jpg,False,/8RKBHHRqOMOLh5qW3sS6TSFTd8h.jpg,en,Alita: Battle Angel,"[28, 12, 878]",Alita: Battle Angel,7.1,"When Alita awakens with no memory of who she is in a future world she does not recognize, she is taken in by Ido, a compassionate doctor who realizes that somewhere in this abandoned cyborg shell is the heart and soul of a young woman with an extraordinary past.",2019-01-31
18,373571,170000000,386600138,122.104,3017,False,/mzOHg7Q5q9yUmY0b9Esu8Qe6Nnm.jpg,False,/jb6Ju38HmKX0bYHCmAxs8HyNeJ2.jpg,en,Godzilla: King of the Monsters,"[28, 878]",Godzilla: King of the Monsters,6.4,"Follows the heroic efforts of the crypto-zoological agency Monarch as its members face off against a battery of god-sized monsters, including the mighty Godzilla, who collides with Mothra, Rodan, and his ultimate nemesis, the three-headed King Ghidorah. When these ancient super-species, thought to be mere myths, rise again, they all vie for supremacy, leaving humanity's very existence hanging in the balance.",2019-05-29
19,530915,100000000,374733942,199.473,6728,False,/iZf0KyrE25z1sage4SYFLCCrMi9.jpg,False,/cqa3sa4c4jevgnEJwq3CMF8UfTG.jpg,en,1917,"[18, 10752]",1917,7.9,"At the height of the First World War, two young British soldiers must cross enemy territory and deliver a message that will stop a deadly attack on hundreds of soldiers.",2019-12-25
20,466272,95000000,374251247,44.875,7458,False,/8j58iEBw9pOXFD2L0nt0ZXeHviB.jpg,False,/b82nVVhYNRgtsTFV1jkdDwe6LJZ.jpg,en,Once Upon a Time… in Hollywood,"[35, 18, 53]",Once Upon a Time… in Hollywood,7.5,"Los Angeles, 1969. TV star Rick Dalton, a struggling actor specializing in westerns, and stuntman Cliff Booth, his best friend, try to survive in a constantly changing movie industry. Dalton is the neighbor of the young and promising actress and model Sharon Tate, who has just married the prestigious Polish director Roman Polanski…",2019-07-24
21,287947,80000000,363533271,99.487,5653,False,/xnopI5Xtky18MPhK40cZAGAOVeV.jpg,False,/qwgGtdlLMKYvT2tV8hLY22syRHN.jpg,en,Shazam!,"[28, 35, 14]",Shazam!,7.0,A boy is given the ability to become an adult superhero in times of need with a single magic word.,2019-03-29
22,458156,55000000,326709727,163.532,5825,False,/ziEuG1essDuWuC5lpWUaw1uXY2O.jpg,False,/vVpEOvdxVBP2aV166j5Xlvb5Cdc.jpg,en,John Wick: Chapter 3 - Parabellum,"[28, 80, 53]",John Wick: Chapter 3 - Parabellum,7.4,"Super-assassin John Wick returns with a $14 million price tag on his head and an army of bounty-hunting killers on his trail. After killing a member of the shadowy international assassin’s guild, the High Table, John Wick is excommunicado, but the world’s most ruthless hit men and women await his every turn.",2019-05-15
23,546554,40000000,309232797,43.502,5766,False,/pThyQovXQrw2m0s9x82twj48Jq4.jpg,False,/4HWAQu28e2yaWrtupFPGFkdNU7V.jpg,en,Knives Out,"[35, 80, 18, 9648, 53]",Knives Out,7.9,"When renowned crime novelist Harlan Thrombey is found dead at his estate just after his 85th birthday, the inquisitive and debonair Detective Benoit Blanc is mysteriously enlisted to investigate. From Harlan's dysfunctional family to his devoted staff, Blanc sifts through a web of red herrings and self-serving lies to uncover the truth behind Harlan's untimely death.",2019-11-27
24,290859,185000000,261119292,173.685,2888,False,/vqzNJRH4YyquRiWxCCOH0aXggHI.jpg,False,/a6cDxdwaQIFjSkXf7uskg78ZyTq.jpg,en,Terminator: Dark Fate,"[28, 12, 878]",Terminator: Dark Fate,6.5,"Decades after Sarah Connor prevented Judgment Day, a lethal new Terminator is sent to eliminate the future leader of the resistance. In a fight to save mankind, battle-hardened Sarah Connor teams up with an unexpected ally and an enhanced super soldier to stop the deadliest Terminator yet.",2019-10-23
25,496243,11363000,257591776,95.182,9483,False,/7IiTTgloJzvGI1TAYymCfbfl3vT.jpg,False,/ApiBzeaa95TNYliSbQ8pJv4Fje7.jpg,ko,기생충,"[35, 18, 53]",Parasite,8.5,"All unemployed, Ki-taek's family takes peculiar interest in the wealthy and glamorous Parks for their livelihood until they get entangled in an unexpected incident.",2019-05-30
26,458723,20000000,255105930,26.325,4416,False,/ux2dU1jQ2ACIMShzB3yP93Udpzc.jpg,False,/ADJ6V8W96It4KElY2SPZvkKPBR.jpg,en,Us,"[27, 9648, 53]",Us,7.0,"Husband and wife Gabe and Adelaide Wilson take their kids to their beach house expecting to unplug and unwind with friends. But as night descends, their serenity turns to tension and chaos when some shocking visitors arrive uninvited.",2019-03-14
27,479455,110000000,252608480,80.694,2920,False,/dPrUPFcgLfNbmDL8V69vcrTyEfb.jpg,False,/uK9uFbAwQ1s2JHKkJ5l0obPTcXI.jpg,en,Men in Black: International,"[35, 878]",Men in Black: International,6.0,"The Men in Black have always protected the Earth from the scum of the universe. In this new adventure, they tackle their biggest, most global threat to date: a mole in the Men in Black organization.",2019-06-12
28,320288,200000000,252442974,108.128,4000,False,/cCTJPelKGLhALq3r51A9uMonxKj.jpg,False,/phxiKFDvPeQj4AbkvJLmuZEieDU.jpg,en,Dark Phoenix,"[28, 12, 878]",Dark Phoenix,6.1,"The X-Men face their most formidable and powerful foe when one of their own, Jean Grey, starts to spiral out of control. During a rescue mission in outer space, Jean is nearly killed when she's hit by a mysterious cosmic force. Once she returns home, this force not only makes her infinitely more powerful, but far more unstable. The X-Men must now band together to save her soul and battle aliens that want to use Grey's new abilities to rule the galaxy.",2019-06-05
29,450465,20000000,246941965,69.958,5615,False,/svIDTNUoajS8dLEo7EosxvyAsgJ.jpg,False,/ngBFDOsx13sFXiMweDoL54XYknR.jpg,en,Glass,"[18, 878, 53]",Glass,6.6,"In a series of escalating encounters, former security guard David Dunn uses his supernatural abilities to track Kevin Wendell Crumb, a disturbed man who has twenty-four personalities. Meanwhile, the shadowy presence of Elijah Price emerges as an orchestrator who holds secrets critical to both men.",2019-01-16
30,521029,30000000,231252591,68.935,1994,False,/qWsHMrbg9DsBY3bCMk9jyYCRVRs.jpg,False,/jB98SrdXAYSbiprjIwc7WfVCuCV.jpg,en,Annabelle Comes Home,"[27, 9648, 53]",Annabelle Comes Home,6.4,"Determined to keep Annabelle from wreaking more havoc, demonologists Ed and Lorraine Warren bring the possessed doll to the locked artifacts room in their home, placing her “safely” behind sacred glass and enlisting a priest’s holy blessing. But an unholy night of horror awaits as Annabelle awakens the evil spirits in the room, who all set their sights on a new target—the Warrens' ten-year-old daughter, Judy, and her friends.",2019-06-26
31,359724,97600000,225508210,87.587,3535,False,/6ApDtO7xaWAfPqfi2IARXIzj8QS.jpg,False,/n3UanIvmnBlH531pykuzNs4LbH6.jpg,en,Ford v Ferrari,"[18, 36]",Ford v Ferrari,7.9,"American car designer Carroll Shelby and the British-born driver Ken Miles work together to battle corporate interference, the laws of physics, and their own personal demons to build a revolutionary race car for Ford Motor Company and take on the dominating race cars of Enzo Ferrari at the 24 Hours of Le Mans in France in 1966.",2019-11-13
32,329996,170000000,215832199,48.234,3174,False,/A7XkpLfNH0El2yyDLc4b0KLAKvE.jpg,False,/5tFt6iuGnKapHl5tw0X0cKcnuVo.jpg,en,Dumbo,"[12, 14, 10751]",Dumbo,6.7,"A young elephant, whose oversized ears enable him to fly, helps save a struggling circus, but when the circus plans a new venture, Dumbo and his friends discover dark secrets beneath its shiny veneer.",2019-03-27
33,481084,40000000,203044905,149.694,1172,False,/q1epO0eO8DWu8Vo8tPfvVlzW48T.jpg,False,/ur4NTeFGZmQ6Hz5uEkAMgPI3WRg.jpg,en,The Addams Family,"[16, 35, 14, 10751]",The Addams Family,6.6,"The Addams family's lives begin to unravel when they face-off against a treacherous, greedy crafty reality-TV host while also preparing for their extended family to arrive for a major celebration.",2019-10-10
34,535544,20000000,192094429,9.249,605,False,/pWt1iRuhNpeVDNP2QiUT2C5OiBt.jpg,False,/mFcfdnAYaQQhXhKcoITiDYtuO5b.jpg,en,Downton Abbey,"[18, 36]",Downton Abbey,7.1,"The beloved Crawleys and their intrepid staff prepare for the most important moment of their lives. A royal visit from the King and Queen of England will unleash scandal, romance and intrigue that will leave the future of Downton hanging in the balance.",2019-09-12
35,331482,40000000,191540586,64.02,2956,False,/yn5ihODtZ7ofn8pDYfxCmxh8AXI.jpg,False,/lqxxwTRk0l7CubY6JkJdhnwJEkn.jpg,en,Little Women,"[18, 10749]",Little Women,8.0,Four sisters come of age in America in the aftermath of the Civil War.,2019-12-25
36,280217,100000000,190514361,59.624,1266,False,/QTESAsBVZwjtGJNDP7utiGV37z.jpg,False,/8kPozGb4BDrcWBSsGPrkULG2tP9.jpg,en,The Lego Movie 2: The Second Part,"[28, 12, 16, 35, 10751]",The Lego Movie 2: The Second Part,6.7,"It's been five years since everything was awesome and the citizens are facing a huge new threat: LEGO DUPLO® invaders from outer space, wrecking everything faster than they can rebuild.",2019-01-26
37,568160,0,186965409,199.558,639,False,/qgrk7r1fV4IjuoeiGS5HOhXNdLJ.jpg,False,/ize3ZieqSy0TCWljmVoEiy8fSFS.jpg,ja,天気の子,"[16, 18, 14, 10749]",Weathering with You,8.1,"Tokyo is currently experiencing rain showers that seem to disrupt the usual pace of everyone living there to no end. Amidst this seemingly eternal downpour arrives the runaway high school student Hodaka Morishima, who struggles to financially support himself—ending up with a job at a small-time publisher. At the same time, the orphaned Hina Amano also strives to find work to sustain herself and her younger brother. Both fates intertwine when Hodaka attempts to rescue Hina from shady men, deciding to run away together. Subsequently, Hodaka discovers that Hina has a strange yet astounding power: the ability to call out the sun whenever she prays for it. With Tokyo's unusual weather in mind, Hodaka sees the potential of this ability. He suggests that Hina should become a ""sunshine girl""—someone who will clear the sky for people when they need it the most. Things begin looking up for them at first. However, it is common knowledge that power always comes with a hefty price...",2019-07-19
38,431580,75000000,179057149,85.001,1210,False,/20djTLqppfBx5WYA67Y300S6aPD.jpg,False,/tLCDKsXo6D84IVFanoElosSEKdp.jpg,en,Abominable,"[12, 16, 35, 10751]",Abominable,7.6,"A group of misfits encounter a young Yeti named Everest, and they set off to reunite the magical creature with his family on the mountain of his namesake.",2019-09-19
39,453405,138000000,173469516,150.91,3005,False,/uTALxjQU8e1lhmNjP9nnJ3t2pRU.jpg,False,/c3F4P2oauA7IQmy4hM0OmRt2W7d.jpg,en,Gemini Man,"[28, 18, 878, 53]",Gemini Man,6.4,"Henry Brogan is an elite 51-year-old assassin who's ready to call it quits after completing his 72nd job. His plans get turned upside down when he becomes the target of a mysterious operative who can seemingly predict his every move. To his horror, Brogan soon learns that the man who's trying to kill him is a younger, faster, cloned version of himself.",2019-10-02
40,431693,100000000,171616764,104.328,1686,False,/30YacPAcxpNemhhwX0PVUl9pVA3.jpg,False,/lwSOhnpwrzjtKi2RD3e5RAcGzvt.jpg,en,Spies in Disguise,"[28, 12, 16, 35]",Spies in Disguise,7.8,"Super spy Lance Sterling and scientist Walter Beckett are almost exact opposites. Lance is smooth, suave and debonair. Walter is… not. But what Walter lacks in social skills he makes up for in smarts and invention, creating the awesome gadgets Lance uses on his epic missions. But when events take an unexpected turn, Walter and Lance suddenly have to rely on each other in a whole new way.",2019-12-04
41,504608,40000000,167323950,22.674,2723,False,/f4FF18ia7yTvHf2izNrHqBmgH8U.jpg,False,/oAr5bgf49vxga9etWoQpAeRMvhp.jpg,en,Rocketman,"[18, 10402]",Rocketman,7.4,"The story of Elton John's life, from his years as a prodigy at the Royal Academy of Music through his influential and enduring musical partnership with Bernie Taupin.",2019-05-22
42,540901,20000000,157600000,25.764,1918,False,/zBhv8rsLOfpFW2M5b6wW78Uoojs.jpg,False,/mBBJ3N3an8FLkp0ZpGgIJwHKhBP.jpg,en,Hustlers,"[35, 80, 18]",Hustlers,6.4,A crew of savvy former strip club employees band together to turn the tables on their Wall Street clients.,2019-09-12
43,522681,9000000,155313078,23.387,2577,False,/8Ls1tZ6qjGzfGHjBB7ihOnf7f0b.jpg,False,/mWLljCmpqlcYQh7uh51BBMwCZwN.jpg,en,Escape Room,"[28, 12, 27, 9648, 53]",Escape Room,6.4,"Six strangers find themselves in circumstances beyond their control, and must use their wits to survive.",2019-01-03
44,412117,80000000,155152550,139.238,1819,False,/nYcaCNkB4EgVyvrXxxbklefDrGL.jpg,False,/UxGdlGzCx5R5FdY8BDM0FQkyKi.jpg,en,The Secret Life of Pets 2,"[12, 16, 35, 10751]",The Secret Life of Pets 2,7.0,"Max the terrier must cope with some major life changes when his owner gets married and has a baby. When the family takes a trip to the countryside, nervous Max has numerous run-ins with canine-intolerant cows, hostile foxes and a scary turkey. Luckily for Max, he soon catches a break when he meets Rooster, a gruff farm dog who tries to cure the lovable pooch of his neuroses.",2019-05-24
45,423204,40000000,146661977,90.221,2015,False,/fapXd3v9qTcNBTm39ZC4KUVQDNf.jpg,False,/k2WyDw2NTUIWnuEs5gT7wgrCQg6.jpg,en,Angel Has Fallen,"[28, 53]",Angel Has Fallen,6.4,"After a treacherous attack, Secret Service agent Mike Banning is charged with attempting to assassinate President Trumbull. Chased by his own colleagues and the FBI, Banning begins a race against the clock to clear his name.",2019-08-21
46,419704,87500000,132807427,53.086,4272,False,/xBHvZcjRiWyobQ9kxBhO6B2dtRI.jpg,False,/cs6z1byqL0ffw1948FJI2Jr1HVT.jpg,en,Ad Astra,"[18, 878]",Ad Astra,6.1,"The near future, a time when both hope and hardships drive humanity to look to the stars and beyond. While a mysterious phenomenon menaces to destroy life on planet Earth, astronaut Roy McBride undertakes a mission across the immensity of space and its many perils to uncover the truth about a lost expedition that decades before boldly faced emptiness and silence in search of the unknown.",2019-09-17
47,454640,65000000,131359052,141.464,870,False,/ebe8hJRCwdflNQbUjRrfmqtUiNi.jpg,False,/k7sE3loFwuU2mqf7FbZBeE3rjBa.jpg,en,The Angry Birds Movie 2,"[12, 16, 35, 10751]",The Angry Birds Movie 2,7.1,"Red, Chuck, Bomb and the rest of their feathered friends are surprised when a green pig suggests that they put aside their differences and unite to fight a common threat. Aggressive birds from an island covered in ice are planning to use an elaborate weapon to destroy the fowl and swine.",2019-08-02
48,522162,100000000,125641396,37.948,1250,False,/hj8pyoNnynGeJTAbl7jcLZO8Uhx.jpg,False,/xjP88DFPCQ81mbZHXFscyYtGskT.jpg,en,Midway,"[28, 18, 36, 10752]",Midway,7.1,"The story of the Battle of Midway, and the leaders and soldiers who used their instincts, fortitude and bravery to overcome massive odds.",2019-11-06
49,567646,8120000,124652206,9.679,74,False,/x74VQTLwFs2MLHSg2LNufhX8lVg.jpg,False,/hn7oqr6RVqr3u6dcGoPRPi4jj1m.jpg,ko,극한직업,"[28, 35, 80]",Extreme Job,7.1,"A drug squad attempts to take down a criminal organization and they must go undercover to do so, so they begin working at a chicken restaurant, that becomes famous for its delicious chicken. Due to the unexpected popularity, the detectives find themselves in a situation they never expected.",2019-01-23
50,338967,42000000,122801777,134.273,2988,False,/dtRbVsUb5O12WWO54SRpiMtHKC0.jpg,False,/3ghImmHdp4RnC3UkL6hpLayclnb.jpg,en,Zombieland: Double Tap,"[28, 35, 27]",Zombieland: Double Tap,7.0,"Columbus, Tallahassee, Wichita, and Little Rock move to the American heartland as they face off against evolved zombies, fellow survivors, and the growing pains of the snarky makeshift family.",2019-10-09
51,480414,9000000,122033739,41.504,1391,False,/jhZlXSnFUpNiLAek9EkPrtLEWQI.jpg,False,/drpgGlcOarywXgwhb4Dap9QtSlg.jpg,en,The Curse of La Llorona,"[27, 9648, 53]",The Curse of La Llorona,5.7,A social worker dealing with the disappearance of two children fears for her own family after beginning the investigation.,2019-04-17
52,549053,30000000,121550750,40.855,1136,False,/kDEjffiKgjuGo2DRzsqfjvW0CQh.jpg,False,/oqjT71WAbCcZsGENHFNDa1guOAR.jpg,en,Last Christmas,"[35, 18, 10749]",Last Christmas,7.3,"Kate is a young woman who has a habit of making bad decisions, and her last date with disaster occurs after she accepts work as Santa's elf for a department store. However, after she meets Tom there, her life takes a new turn.",2019-11-07
53,400157,100000000,119559110,33.282,412,False,/8KomINZhIuJeB4oB7k7tkq8tmE.jpg,False,/nJyAdKPnW15IAvC6sLBTE0lp6Dv.jpg,en,Wonder Park,"[12, 16, 35, 14, 10751]",Wonder Park,6.5,"A young girl named June with a big imagination makes an incredible discovery -- the amusement park of her dreams has come to life. Filled with the world's wildest rides operated by fun-loving animals, the excitement never ends. But when trouble hits, June and her misfit team of furry friends begin an unforgettable journey to save the park.",2019-03-14
54,499701,49000000,116826172,102.862,1055,False,/xvYCZ740XvngXK0FNeSNVTJJJ5v.jpg,False,/61sbyO47yIpsMFyLhY1MWcqjg1Q.jpg,en,Dora and the Lost City of Gold,"[12, 35, 10751]",Dora and the Lost City of Gold,6.8,"Dora, a girl who has spent most of her life exploring the jungle with her parents, now must navigate her most dangerous adventure yet: high school. Always the explorer, Dora quickly finds herself leading Boots (her best friend, a monkey), Diego, and a rag tag group of teens on an adventure to save her parents and solve the impossible mystery behind a lost Inca civilization.",2019-08-08
55,746359,0,115570314,2.33,0,False,/vwQ1vbuEauIAhAmufjD61MerYN9.jpg,False,/uQXbP48Gy9HNoXo7kFLyZnvQoCh.jpg,ja,Meitantei Conan: Konjo no fisuto,[],Meitantei Conan: Konjo no fisuto,0.0,,2019-04-12
56,566555,0,115570314,4.491,68,False,/jUfCBwhSTE02jTN9REJbHm2lRL8.jpg,False,/wf6VDSi4aFCZfuD8sX8JAKLfJ5m.jpg,ja,名探偵コナン 紺青の拳（フィスト）,"[16, 28, 18, 9648, 35]",Detective Conan: The Fist of Blue Sapphire,5.6,"The world's greatest blue sapphire, the ""blue lapis fist"", said to have sunk in a pirate ship in the late 19th century, on the coasts of Singapore. A local millionaire plots to retrieve it, and when it's exhibited in an exhibition at the Singaporean Marina Sands hotel, a murder takes place.",2019-04-12
57,157433,21000000,112399944,24.052,2173,False,/7SPhr7Qj39vbnfF9O2qHRYaKHAL.jpg,False,/dpJq6trUDOutSPSLrFdROPmzaVn.jpg,en,Pet Sematary,"[27, 53]",Pet Sematary,5.8,"Dr. Louis Creed and his wife, Rachel, move from Boston to Ludlow, in rural Maine, with their two young children. Hidden in the woods near the new family home, Ellie, their eldest daughter, discovers a mysterious cemetery where the pets of community members are buried.",2019-04-04
58,440472,37500000,111353135,33.621,674,False,/hPZ2caow1PCND6qnerfgn6RTXdm.jpg,False,/mdGUvN7yCyExPNO5f4zAzifk1l1.jpg,en,The Upside,"[35, 18]",The Upside,7.1,"Phillip is a wealthy quadriplegic who needs a caretaker to help him with his day-to-day routine in his New York penthouse. He decides to hire Dell, a struggling parolee who's trying to reconnect with his ex and his young son. Despite coming from two different worlds, an unlikely friendship starts to blossom.",2019-01-10
59,417384,25000000,95438172,25.833,1542,False,/n7GvmHR10Rr4L17pX5fiErjarNf.jpg,False,/snll1zUi2oxIah9qifXOvbfjcrG.jpg,en,Scary Stories to Tell in the Dark,"[27, 53]",Scary Stories to Tell in the Dark,6.4,"Mill Valley, Pennsylvania, Halloween night, 1968. After playing a joke on a school bully, Sarah and her friends decide to sneak into a supposedly haunted house that once belonged to the powerful Bellows family, unleashing dark forces that they will be unable to control.",2019-08-08
60,522938,50000000,91490353,119.731,2210,False,/kTQ3J8oTTKofAVLYnds2cHUz9KO.jpg,False,/spYx9XQFODuqEVoPpvaJI1ksAVt.jpg,en,Rambo: Last Blood,"[28, 18, 53]",Rambo: Last Blood,6.4,"After fighting his demons for decades, John Rambo now lives in peace on his family ranch in Arizona, but his rest is interrupted when Gabriela, the granddaughter of his housekeeper María, disappears after crossing the border into Mexico to meet her biological father. Rambo, who has become a true father figure for Gabriela over the years, undertakes a desperate and dangerous journey to find her.",2019-09-19
61,511987,13500000,89203432,72.342,1791,False,/mKxpYRIrCZLxZjNqpocJ2RdQW8v.jpg,False,/lm4xH0YwFbVvTgdtau1thNK5S6J.jpg,en,Crawl,"[18, 27, 53]",Crawl,6.3,"When a huge hurricane hits her hometown in Florida, Haley ignores evacuation orders to look for her father. After finding him badly wounded, both are trapped by the flood. With virtually no time to escape the storm, they discover that rising water levels are the least of their problems.",2019-07-11
62,515195,26000000,88092097,34.498,2168,False,/1rjaRIAqFPQNnMtqSMLtg0VEABi.jpg,False,/5om2iHhm2dgv0s2YgPDSEMIkRNx.jpg,en,Yesterday,"[35, 14, 10402, 10749]",Yesterday,6.7,"Jack Malik is a struggling singer-songwriter in an English seaside town whose dreams of fame are rapidly fading, despite the fierce devotion and support of his childhood best friend, Ellie. After a freak bus accident during a mysterious global blackout, Jack wakes up to discover that he's the only person on Earth who can remember The Beatles.",2019-06-27
63,515001,14000000,82468705,37.452,4912,False,/7GsM4mtM0worCtIVeiQt28HieeN.jpg,False,/lTyikzfGgRX5ZqIfVeT26APYfRL.jpg,en,Jojo Rabbit,"[35, 18, 10752]",Jojo Rabbit,8.1,"A World War II satire that follows a lonely German boy whose world view is turned upside down when he discovers his single mother is hiding a young Jewish girl in their attic. Aided only by his idiotic imaginary friend, Adolf Hitler, Jojo must confront his blind nationalism.",2019-10-18
64,505436,0,74769845,12.7,838,False,/uT9FhaKYzR8XQg0etoPiqQxaMj8.jpg,False,/co1ItuquxZjxLqbjjCLwK9ADkS.jpg,fr,Qu'est-ce qu'on a encore fait au bon Dieu ?,[35],Serial (Bad) Weddings 2,5.9,"Claude and Marie Verneuil face a new crisis. The four spouses of their daughters, David, Rachid, Chao and Charles decided to leave France for various reasons. Here they are imagining their lives elsewhere.",2019-01-30
65,536869,95000000,73515024,37.623,514,False,/aCNch5FmzT2WaUcY44925owIZXY.jpg,False,/4F8M02OjkfDIIBg36R5ZluLK2nU.jpg,en,Cats,"[35, 18, 14]",Cats,4.4,A tribe of cats called the Jellicles must decide yearly which one will ascend to the Heaviside Layer and come back to a new Jellicle life.,2019-12-19
66,458897,48000000,73279888,104.313,1630,False,/1DPUFG6QnGqzpvEaDEv7TaepycM.jpg,False,/a0xTB1vBxMGt6LGG4N7k1wO9lfL.jpg,en,Charlie's Angels,"[28, 12, 35]",Charlie's Angels,6.7,"When a systems engineer blows the whistle on a dangerous technology, Charlie's Angels from across the globe are called into action, putting their lives on the line to protect society.",2019-11-14
67,521777,20000000,72457330,41.368,1044,False,/tximyCXMEnWIIyOy9STkOduUprG.jpg,False,/meag1aZB1wffo91pl5KQYTdmg9z.jpg,en,Good Boys,[35],Good Boys,6.8,A group of young boys on the cusp of becoming teenagers embark on an epic quest to fix their broken drone before their parents get home.,2019-08-14
68,501170,45000000,72281712,42.434,2212,False,/p69QzIBbN06aTYqRRiCOY1emNBh.jpg,False,/dfmqaiZ1HoBsGEcnImQ8pmHwNuh.jpg,en,Doctor Sleep,"[18, 14, 27, 53]",Doctor Sleep,7.1,"Still irrevocably scarred by the trauma he endured as a child at the Overlook, Dan Torrance has fought to find some semblance of peace. But that peace is shattered when he encounters Abra, a courageous teenager with her own powerful extrasensory gift, known as the 'shine'. Instinctively recognising that Dan shares her power, Abra has sought him out, desperate for his help against the merciless Rose the Hat and her followers.",2019-10-30
69,487297,20000000,69766483,25.357,851,False,/30IiwvIRqPGjUV0bxJkZfnSiCL.jpg,False,/pmVBOsh8TBvvtFKIo6QS5dE6tTs.jpg,en,What Men Want,"[35, 10749]",What Men Want,6.1,"Magically able to hear what men are thinking, a sports agent uses her newfound ability to turn the tables on her overbearing male colleagues.",2019-02-08
70,537915,14000000,69497587,139.937,5059,False,/u3B2YKUjWABcxXZ6Nm9h10hLUbh.jpg,False,/997ToEZvF2Obp9zNZbY5ELVnmrW.jpg,en,After,"[18, 10749]",After,7.1,"Tessa Young is a dedicated student, dutiful daughter and loyal girlfriend to her high school sweetheart. Entering her first semester of college, Tessa's guarded world opens up when she meets Hardin Scott, a mysterious and brooding rebel who makes her question all she thought she knew about herself -- and what she wants out of life.",2019-04-11
71,572164,10892000,68325551,11.177,62,False,/yt3vLjVqvZPRfpx3RUletHJVRVz.jpg,False,/cxM5ifGuXvuqYM7B0cgrLw08F4R.jpg,ko,엑시트,"[28, 35]",EXIT,7.4,"When an unknown toxic gas strikes Seoul in an unprecedented act of terror, Yong-nam has just met Eui-ju from college by chance at his mother's birthday banquet. The city falls under sudden noxious gas attack and together, they must escape the panic-stricken city.",2019-07-31
72,501907,4000000,67760877,19.156,703,False,/p9vCAVhDK375XyobVcKqzqzsUHE.jpg,False,/w0tJot6O0UtLVBRIPAdg3dQ2oNO.jpg,en,A Beautiful Day in the Neighborhood,[18],A Beautiful Day in the Neighborhood,7.1,"An award-winning cynical journalist, Lloyd Vogel, begrudgingly accepts an assignment to write an Esquire profile piece on the beloved television icon Fred Rogers. After his encounter with Rogers, Vogel's perspective on life is transformed.",2019-09-07
73,573699,11936735,66925842,52.554,152,False,/gyDV5LppSJtas1YIE3aVhhG1t5D.jpg,False,/yfewveQ7o5ignk7WnjmFFjb4QfH.jpg,zh,白蛇：缘起,"[16, 14, 10749]",White Snake,7.7,"One day a young woman named Blanca is saved by Xuan, a snake catcher from a nearby village. She has lost her memory, and together they go on a journey to discover her real identity, developing deeper feelings for one another along the way. But as they learn more about her past, they uncover a darker plot of supernatural forces vying for power, with the fate of the world hanging in the balance.",2019-01-11
74,585268,27941858,66293455,8.82,85,False,/cEyIyJhlfWFE4J9wJLQ8t2w9haP.jpg,False,/aOSDKvqglKVa3SYy4CPXYUAfDlf.jpg,hi,War,"[28, 53]",War,7.0,"Khalid, is entrusted with the task of eliminating Kabir, a former soldier turned rogue, as he engages in an epic battle with his mentor who had taught him everything.",2019-10-02
75,723540,11500000,62235335,1.4,1,False,/ybrXjWngEgaCwSKptlZBd3K50yG.jpg,False,/j6Vnctfp9RbjoJuplcN7TPzI4bT.jpg,en,Hadestown,"[36, 10402, 10749]",Hadestown,10.0,"Hadestown is a musical with music, lyrics and book by Anaïs Mitchell. It tells a version of the ancient Greek myth of Orpheus and Eurydice, where Orpheus goes to the underworld to rescue his fiancée Eurydice.",2019-03-22
76,438650,60000000,59213931,49.627,1599,False,/hXgmWPd1SuujRZ4QnKLzrj79PAw.jpg,False,/aiM3XxYE2JvW1vJ4AC6cI1RjAoT.jpg,en,Cold Pursuit,"[28, 80, 53]",Cold Pursuit,5.6,"The quiet family life of Nels Coxman, a snowplow driver, is upended after his son's murder. Nels begins a vengeful hunt for Viking, the drug lord he holds responsible for the killing, eliminating Viking's associates one by one. As Nels draws closer to Viking, his actions bring even more unexpected and violent consequences, as he proves that revenge is all in the execution.",2019-02-07
77,567609,6000000,57615777,34.616,2130,False,/vOl6shtL0wknjaIs6JdKCpcHvg8.jpg,False,/j8uPZSPjKYzHlN2B4NhPQVWWZ5x.jpg,en,Ready or Not,"[35, 27, 9648, 53]",Ready or Not,7.0,A bride's wedding night takes a sinister turn when her eccentric new in-laws force her to take part in a terrifying game.,2019-08-21
78,577328,8751000,55478164,5.848,65,False,/2J1FLlFnT3gxsiXnC5mTNtLM9ol.jpg,False,/tRuZbvmuuLG8NpbsmKsqGuHgP3v.jpg,hi,कबीर सिंह,"[28, 18, 10749]",Kabir Singh,6.9,"When his girlfriend is forced to marry another man, a troubled young surgeon begins to self-destruct.",2019-06-20
79,454292,51000000,55000000,6.981,47,False,/rWXIpR2uPkwb1Hrhjj2FA62FGdu.jpg,False,/svYKd14P9i3Ai7F0tRl3WNwjRa1.jpg,te,సాహో,"[28, 53]",Saaho,6.4,"A battle for power ensues as warring gangters thrive to gain possession of a ""black box"" that can make them richer than they already are, and an undercover cop intervenes with the help of his sharp intellect and an instinct to kill.",2019-08-29
80,459992,40000000,53847136,27.256,1625,False,/m2ttWZ8rMRwIMT7zA48Jo6mTkDS.jpg,False,/88r25ghJzVYKq0vaOApqEOZsQlD.jpg,en,Long Shot,"[35, 10749]",Long Shot,6.8,"Fred Flarsky is a gifted and free-spirited journalist who has a knack for getting into trouble. Charlotte Field is one of the most influential women in the world -- a smart, sophisticated and accomplished politician. When Fred unexpectedly runs into Charlotte, he soon realizes that she was his former baby sitter and childhood crush. When Charlotte decides to make a run for the presidency, she impulsively hires Fred as her speechwriter -- much to the dismay of her trusted advisers.",2019-05-02
81,525661,32000000,53774397,41.041,1529,False,/gbPfvwBqbiHpQkYZQvVwB6MVauV.jpg,False,/nj84vpuUWdbmYktBzjiWn5Ny1ZF.jpg,en,Bombshell,[18],Bombshell,6.9,Bombshell is a revealing look inside the most powerful and controversial media empire of all time; and the explosive story of the women who brought down the infamous man who created it.,2019-12-13
82,502416,5000000,51749995,22.686,1210,False,/6n7ASmQ1wY2cxTubFFGlcvPpyk7.jpg,False,/mBOv5YrX5QGr5CusK0PKSHuxOt9.jpg,en,Ma,[27],Ma,5.8,"Sue Ann is a loner who keeps to herself in her quiet Ohio town. One day, she is asked by Maggie, a new teenager in town, to buy some booze for her and her friends, and Sue Ann sees the chance to make some unsuspecting, if younger, friends of her own.",2019-05-29
83,522212,25000000,50401502,28.332,1045,False,/4YJNp1cquIkX8JxFwkKNEFQ9tgr.jpg,False,/4x2AKefQtj8TmzxyRJEEdAayj1V.jpg,en,Just Mercy,"[80, 18]",Just Mercy,8.0,"The powerful true story of Harvard-educated lawyer Bryan Stevenson, who goes to Alabama to defend the disenfranchised and wrongly condemned — including Walter McMillian, a man sentenced to death despite evidence proving his innocence. Bryan fights tirelessly for Walter with the system stacked against them.",2019-12-25
84,473033,19000000,50020902,29.541,2378,False,/6XN1vxHc7kUSqNWtaQKN45J5x2v.jpg,False,/uzvT6tYrU5SxfHe1ieimIGAqyFm.jpg,en,Uncut Gems,"[80, 18, 53]",Uncut Gems,7.1,"A charismatic New York City jeweler always on the lookout for the next big score makes a series of high-stakes bets that could lead to the windfall of a lifetime. Howard must perform a precarious high-wire act, balancing business, family, and encroaching adversaries on all sides in his relentless pursuit of the ultimate win.",2019-08-30
85,599975,6500000,48021766,26.389,1025,False,/qCDPKUMX5xrxxQY8XhGVCKO3fks.jpg,False,/zETkzgle7c6wAeW11snnVUBp67S.jpg,en,Countdown,"[27, 53]",Countdown,6.3,"A young nurse downloads an app that tells her she only has three days to live. With time ticking away and a mysterious figure haunting her, she must find a way to save her life before time runs out.",2019-10-24
86,530385,9000000,47862188,55.489,2923,False,/7LEI8ulZzO5gy9Ww2NVCrKmHeDZ.jpg,False,/g6GtOfXtzDpY73ef7wludoorTti.jpg,en,Midsommar,"[27, 18, 9648]",Midsommar,7.1,"Several friends travel to Sweden to study as anthropologists a summer festival that is held every ninety years in the remote hometown of one of them. What begins as a dream vacation in a place where the sun never sets, gradually turns into a dark nightmare as the mysterious inhabitants invite them to participate in their disturbing festive activities.",2019-07-03
87,535292,33000000,47088457,72.208,958,False,/bSN9SysoRBMwJKNkfOlQlCw2YQO.jpg,False,/lctL7EljtAJPEPnFv6O4lETboXH.jpg,en,21 Bridges,"[28, 80, 18]",21 Bridges,6.8,"An embattled NYPD detective, is thrust into a citywide manhunt for a pair of cop killers after uncovering a massive and unexpected conspiracy. As the night unfolds, lines become blurred on who he is pursuing, and who is in pursuit of him.",2019-10-24
88,536743,20000000,46597100,14.531,320,False,/sH2s6IcU9OTc6KoJuJ6XwA6kTcy.jpg,False,/vc27zpBFFpJD7954oiA9ilOJAxw.jpg,en,Queen & Slim,"[80, 18, 10749]",Queen & Slim,7.2,"While on a forgettable first date together in Ohio, a black man and a black woman are pulled over for a minor traffic infraction. The situation escalates, with sudden and tragic results.",2019-11-27
89,464504,0,46115383,9.516,408,False,/sFvOTUlZrIxCLdmz1fC16wK0lme.jpg,False,/OmE63a2BroICnJXsPInPgbjKE8.jpg,en,A Madea Family Funeral,[35],A Madea Family Funeral,5.8,"A joyous family reunion becomes a hilarious nightmare as Madea and the crew travel to backwoods Georgia, where they find themselves unexpectedly planning a funeral that might unveil unpleasant family secrets.",2019-03-01
90,533642,10000000,44902237,30.03,1142,False,/rpS7ROczWulqfaXG2klYapULXKm.jpg,False,/vHse4QK31Vc3X7BKKU5GOQhYxv6.jpg,en,Child's Play,[27],Child's Play,6.1,"Karen, a single mother, gifts her son Andy a Buddi doll for his birthday, unaware of its more sinister nature. A contemporary re-imagining of the 1988 horror classic.",2019-06-19
91,456740,50000000,44664690,74.086,2068,False,/bk8LyaMqUtaQ9hUShuvFznQYQKR.jpg,False,/hMbP23EkGk6tjEjRZQXhnVAl5fW.jpg,en,Hellboy,"[28, 12, 14, 878]",Hellboy,5.4,"Hellboy comes to England, where he must defeat Nimue, Merlin's consort and the Blood Queen. But their battle will bring about the end of the world, a fate he desperately tries to turn away.",2019-04-10
92,554241,29900000,44400000,54.473,376,False,/nBLPIpReSatt1zcgVzSVzq5e581.jpg,False,/5ukCAyXdRYmQEZ3CbSD695Y70Zz.jpg,en,Playing with Fire,"[35, 10751]",Playing with Fire,7.1,A crew of rugged firefighters meet their match when attempting to rescue three rambunctious kids.,2019-11-08
93,422803,0,42880428,39.647,209,False,/p08FoXVFgcRm5QZBaGj0VKa2W2Y.jpg,False,/AgYlP6g4vrNn1sVsAIvflW3TfJU.jpg,en,A Shaun the Sheep Movie: Farmageddon,"[16, 35, 10751]",A Shaun the Sheep Movie: Farmageddon,7.1,"When an alien with amazing powers crash-lands near Mossy Bottom Farm, Shaun the Sheep goes on a mission to shepherd the intergalactic visitor home before a sinister organization can capture her.",2019-09-26
94,620683,2000000,39273021,7.14,324,False,/zw77BFPGJ73Lig8GwRzYj1XHq53.jpg,False,/oTWT3IBGc95jmH3aH5QDXeAe9mR.jpg,pt,Minha Mãe é Uma Peça 3: O Filme,[35],My Mom is a Character 3,8.4,Dona Hermínia will have to rediscover and reinvent herself because her children are forming new families. This supermom will have to deal with a new life scenario: Marcelina is pregnant and Juliano is getting married.,2019-12-26
95,445629,11000000,39055536,27.646,940,False,/cVhe15rJLRjolunSWLBN6xQLyGU.jpg,False,/3ZORgdbK8wglKL8Vb4KTl465BfJ.jpg,en,Fighting with My Family,"[35, 18]",Fighting with My Family,6.8,"Born into a tight-knit wrestling family, Paige and her brother Zak are ecstatic when they get the once-in-a-lifetime opportunity to try out for the WWE. But when only Paige earns a spot in the competitive training program, she must leave her loved ones behind and face this new cutthroat world alone. Paige's journey pushes her to dig deep and ultimately prove to the world that what makes her different is the very thing that can make her a star.",2019-02-14
96,491283,0,38981322,14.89,619,False,/iqJhHjD6k6T07waELjMKDpQJUP.jpg,False,/hJXxDoCwchAuJ4K3gwtno2chgr8.jpg,en,Judy,[18],Judy,6.8,"Winter 1968 and showbiz legend Judy Garland arrives in Swinging London to perform a five-week sold-out run at The Talk of the Town. It is 30 years since she shot to global stardom in The Wizard of Oz, but if her voice has weakened, its dramatic intensity has only grown. As she prepares for the show, battles with management, charms musicians and reminisces with friends and adoring fans, her wit and warmth shine through. Even her dreams of love seem undimmed as she embarks on a whirlwind romance with Mickey Deans, her soon-to-be fifth husband.",2019-09-27
97,509730,0,36120360,28.015,220,False,/xcl4vYTqqzwn3ihUpjCQz0jqhV3.jpg,False,/h1IhhdKIq56cFO8RuZZoU21a4Zu.jpg,en,The Queen's Corgi,"[16, 10751]",The Queen's Corgi,5.8,"Since his arrival at Buckingham palace, Rex lives a life of luxury. Top dog, he has superseded his three fellow Corgis in Her Majesty’s heart. His arrogance can be quite irritating. When he causes a diplomatic incident during an official dinner with the President of the United States, he falls into disgrace. Betrayed by one of his peers, Rex becomes a stray dog in the streets of London. How can he redeem himself? In love, he will find the resources to surpass himself in the face of great danger…",2019-02-13
98,541487,12000000,34000000,4.901,9,False,/pV6xLQh54ga8oaQqJtUqLp12LwQ.jpg,False,/xqYYqPbU5T0F9uM0AvggFSBdh99.jpg,te,మహర్షి,"[28, 18]",Maharshi,7.0,"Rishi Kumar is a billionaire and the CEO of Origins, someone who has always strived for the success he now owns. His friend Ravi needs help, how will he come through?",2019-05-09
99,491625,5782853,33974264,8.444,86,False,/4RE7TD5TqEXbPKyUHcn7CSeMlrJ.jpg,False,/gcZbciueHH7WmD03GcVZX7LYqmR.jpg,hi,गल्ली बॉय,"[18, 10402]",Gully Boy,7.6,A coming-of-age story based on the lives of street rappers in Mumbai.,2019-02-14
